"City","xcoord","ycoord"
"marysville, wa","48.0517637","-122.1770818"
"perris, ca","33.7825194","-117.2286478"
"cleveland, oh","41.49932","-81.6943605"
"worcester, ma","42.2625932","-71.8022934"
"columbia, sc","34.0007104","-81.0348144"
"waterbury, ct","41.5581525","-73.0514965"
"eagan, mn","44.8041322","-93.1668858"
"southfield, mi","42.4733688","-83.2218731"
"lafayette, la","30.2240897","-92.0198427"
"boise city, id","43.6187102","-116.2146068"
"elkhart, in","41.6819935","-85.9766671"
"buena park, ca","33.8675143","-117.9981181"
"marietta, ga","33.952602","-84.5499327"
"parker, co","39.5186002","-104.7613633"
"west palm beach, fl","26.7153424","-80.0533746"
"salem, ma","42.51954","-70.8967155"
"aurora, il","41.7605849","-88.3200715"
"leesburg, va","39.1156615","-77.5636015"
"doral, fl","25.8195424","-80.3553302"
"westminster, ca","33.7513419","-117.9939921"
"lubbock, tx","33.5778631","-101.8551665"
"overland park, ks","38.9822282","-94.6707917"
"jackson, ms","32.2987573","-90.1848103"
"gastonia, nc","35.262082","-81.1873005"
"daytona beach, fl","29.2108147","-81.0228331"
"kansas city, mo","39.0997265","-94.5785667"
"noblesville, in","40.0455917","-86.0085955"
"southaven, ms","34.9889818","-90.0125913"
"chino, ca","34.0122346","-117.688944"
"gaithersburg, md","39.1434406","-77.2013705"
"fountain valley, ca","33.7091847","-117.9536697"
"frederick, md","39.4142688","-77.4105409"
"greenville, nc","35.612661","-77.3663538"
"dekalb, il","41.9294736","-88.7503647"
"west allis, wi","43.0166806","-88.0070315"
"thornton, co","39.8680412","-104.9719243"
"west des moines, ia","41.5772115","-93.711332"
"fall river, ma","41.7014912","-71.1550451"
"tulare, ca","36.2077288","-119.3473379"
"chula vista, ca","32.6400541","-117.0841955"
"coral springs, fl","26.271192","-80.2706044"
"concord, nc","35.4087517","-80.579511"
"smyrna, ga","33.8839926","-84.5143761"
"apopka, fl","28.6934076","-81.5322149"
"grand forks, nd","47.9252568","-97.0328547"
"lancaster, oh","39.7136754","-82.5993294"
"naperville, il","41.7508391","-88.1535352"
"hollywood, fl","26.0112014","-80.1494901"
"rogers, ar","36.3320196","-94.1185366"
"new orleans, la","29.9510658","-90.0715323"
"lakewood, wa","47.1717649","-122.518458"
"oak lawn, il","41.719978","-87.7479528"
"caldwell, id","43.6629384","-116.6873596"
"portland, or","45.5230622","-122.6764816"
"concord, ca","37.9779776","-122.0310733"
"burien, wa","47.4703767","-122.3467918"
"st. charles, mo","38.7881062","-90.4974359"
"waukesha, wi","43.0116784","-88.2314813"
"flagstaff, az","35.1982836","-111.651302"
"puyallup, wa","47.1853785","-122.2928974"
"schenectady, ny","42.8142432","-73.9395687"
"denver, co","39.7392358","-104.990251"
"springfield, il","39.7817213","-89.6501481"
"campbell, ca","37.2871651","-121.9499568"
"moreno valley, ca","33.9424658","-117.2296717"
"kettering, oh","39.6895036","-84.1688274"
"lincoln park, mi","42.2505943","-83.1785361"
"lake havasu city, az","34.483901","-114.3224548"
"north little rock, ar","34.769536","-92.2670941"
"reno, nv","39.5296329","-119.8138027"
"littleton, co","39.613321","-105.0166498"
"prescott, az","34.5400242","-112.4685025"
"dublin, ca","37.7021521","-121.9357918"
"texarkana, tx","33.425125","-94.0476882"
"portland, me","43.661471","-70.2553259"
"brooklyn park, mn","45.0941315","-93.3563405"
"west haven, ct","41.2705484","-72.9469711"
"el centro, ca","32.792","-115.5630514"
"the colony, tx","33.0806083","-96.8928309"
"flint, mi","43.0125274","-83.6874562"
"pittsburg, ca","38.0279762","-121.8846806"
"buckeye, az","33.3703197","-112.5837766"
"brea, ca","33.9166805","-117.9000604"
"indio, ca","33.7205771","-116.2155619"
"scottsdale, az","33.4941704","-111.9260519"
"columbus, oh","39.9611755","-82.9987942"
"lancaster, pa","40.0378755","-76.3055144"
"lincoln, ne","40.8257625","-96.6851982"
"trenton, nj","40.2170534","-74.7429384"
"boston, ma","42.3600825","-71.0588801"
"glendora, ca","34.1361187","-117.865339"
"rochester, mn","44.0121221","-92.4801989"
"florissant, mo","38.789217","-90.322614"
"annapolis, md","38.9784453","-76.4921829"
"chapel hill, nc","35.9131996","-79.0558445"
"lawrence, in","39.8386516","-86.0252612"
"calexico, ca","32.6789476","-115.4988834"
"calumet city, il","41.6155909","-87.5294871"
"missoula, mt","46.8787176","-113.996586"
"clovis, ca","36.8252277","-119.7029194"
"pearland, tx","29.5635666","-95.2860474"
"gilbert, az","33.3528264","-111.789027"
"wausau, wi","44.9591352","-89.6301221"
"raleigh, nc","35.7795897","-78.6381787"
"orange, ca","33.7877944","-117.8531119"
"walnut creek, ca","37.9100783","-122.0651819"
"bremerton, wa","47.5673202","-122.6329356"
"porterville, ca","36.06523","-119.0167679"
"marana, az","32.436381","-111.2224422"
"tallahassee, fl","30.4382559","-84.2807329"
"conroe, tx","30.3118769","-95.4560512"
"blacksburg, va","37.2295733","-80.4139393"
"san antonio, tx","29.4241219","-98.4936282"
"hartford, ct","41.7637111","-72.6850932"
"waterloo, ia","42.492786","-92.3425775"
"binghamton, ny","42.0986867","-75.9179738"
"meridian, id","43.6121087","-116.3915131"
"fond du lac, wi","43.7730448","-88.4470508"
"baytown, tx","29.7355047","-94.9774274"
"cary, nc","35.79154","-78.7811169"
"weymouth town, ma","42.2180724","-70.9410356"
"tulsa, ok","36.1539816","-95.992775"
"mission, tx","26.2159066","-98.3252932"
"cuyahoga falls, oh","41.1339449","-81.4845585"
"malden, ma","42.4250964","-71.066163"
"allen, tx","33.1031744","-96.6705503"
"tucson, az","32.2217429","-110.926479"
"franklin, tn","35.9250637","-86.8688899"
"shakopee, mn","44.7973962","-93.5272861"
"jacksonville, fl","30.3321838","-81.655651"
"atlantic city, nj","39.3642834","-74.4229266"
"erie, pa","42.1292241","-80.085059"
"merced, ca","37.3021632","-120.4829677"
"abilene, tx","32.4487364","-99.7331439"
"yorba linda, ca","33.8886259","-117.8131125"
"greenville, sc","34.8526176","-82.3940104"
"huntersville, nc","35.410694","-80.8428504"
"st. clair shores, mi","42.4974085","-82.8963604"
"harrisburg, pa","40.2731911","-76.8867008"
"san buenaventura (ventura), ca","34.274646","-119.2290316"
"fremont, ca","37.5482697","-121.9885719"
"pueblo, co","38.2544472","-104.6091409"
"chelsea, ma","42.3917638","-71.0328284"
"belleville, il","38.5200504","-89.9839935"
"minneapolis, mn","44.977753","-93.2650108"
"bartlett, tn","35.2045328","-89.8739753"
"wichita falls, tx","33.9137085","-98.4933873"
"missouri city, tx","29.6185669","-95.5377215"
"st. louis, mo","38.6270025","-90.1994042"
"pharr, tx","26.1947962","-98.1836216"
"albuquerque, nm","35.0853336","-106.6055534"
"athens-clarke county, ga","33.9519347","-83.357567"
"south jordan, ut","40.5621704","-111.929658"
"north las vegas, nv","36.1988592","-115.1175013"
"pomona, ca","34.055103","-117.7499909"
"eastvale, ca","33.952463","-117.5848025"
"grove city, oh","39.8814519","-83.0929644"
"lawrence, ks","38.9716689","-95.2352501"
"midland, tx","31.9973456","-102.0779146"
"oklahoma city, ok","35.4675602","-97.5164276"
"oro valley, az","32.3909071","-110.966488"
"mesa, az","33.4151843","-111.8314724"
"norwalk, ct","41.117744","-73.4081575"
"kentwood, mi","42.8694731","-85.6447492"
"brookfield, wi","43.0605671","-88.1064787"
"rockwall, tx","32.9312336","-96.4597089"
"mishawaka, in","41.6619927","-86.1586156"
"tustin, ca","33.7458511","-117.826166"
"st. cloud, mn","45.5579451","-94.1632404"
"passaic, nj","40.8567662","-74.1284764"
"escondido, ca","33.1192068","-117.086421"
"san bruno, ca","37.6304904","-122.4110835"
"berkeley, ca","37.8715926","-122.272747"
"san clemente, ca","33.4269728","-117.6119925"
"lawton, ok","34.6035669","-98.3959291"
"eau claire, wi","44.811349","-91.4984941"
"maricopa, az","33.0581063","-112.0476423"
"desoto, tx","32.5896998","-96.8570738"
"fort wayne, in","41.079273","-85.1393513"
"shoreline, wa","47.7556531","-122.3415178"
"medford, ma","42.4184296","-71.1061639"
"la habra, ca","33.9319578","-117.9461734"
"albany, ny","42.6525793","-73.7562317"
"daly city, ca","37.6879241","-122.4702079"
"taylor, mi","42.240872","-83.2696509"
"coon rapids, mn","45.1732394","-93.3030063"
"san mateo, ca","37.5629917","-122.3255254"
"orlando, fl","28.5383355","-81.3792365"
"casper, wy","42.866632","-106.313081"
"bedford, tx","32.844017","-97.1430671"
"wilmington, nc","34.2257255","-77.9447102"
"pinellas park, fl","27.8428025","-82.6995443"
"north miami beach, fl","25.9331488","-80.1625463"
"kansas city, ks","39.114053","-94.6274636"
"fitchburg, ma","42.5834228","-71.8022955"
"wheeling, il","42.1391927","-87.9289591"
"newton, ma","42.3370413","-71.2092214"
"north miami, fl","25.8900949","-80.1867138"
"norwich, ct","41.5242649","-72.0759105"
"newark, nj","40.735657","-74.1723667"
"alexandria, la","31.3112936","-92.4451371"
"blaine, mn","45.1607987","-93.2349489"
"harlingen, tx","26.1906306","-97.6961026"
"lompoc, ca","34.6391501","-120.4579409"
"denton, tx","33.2148412","-97.1330683"
"galveston, tx","29.3013479","-94.7976958"
"greenwood, in","39.6136578","-86.1066526"
"salinas, ca","36.6777372","-121.6555013"
"miami gardens, fl","25.9420377","-80.2456045"
"huntington, wv","38.4192496","-82.445154"
"laredo, tx","27.5305671","-99.4803241"
"melbourne, fl","28.0836269","-80.6081089"
"haltom city, tx","32.7995738","-97.2691817"
"palm bay, fl","28.0344621","-80.5886646"
"wilson, nc","35.7212689","-77.9155395"
"bountiful, ut","40.8893895","-111.880771"
"ceres, ca","37.5949316","-120.9577098"
"parma, oh","41.4047742","-81.7229086"
"rapid city, sd","44.0805434","-103.2310149"
"bell gardens, ca","33.9652918","-118.1514588"
"commerce city, co","39.8083196","-104.9338675"
"springfield, ma","42.1014831","-72.589811"
"fort collins, co","40.5852602","-105.084423"
"san leandro, ca","37.7249296","-122.1560768"
"vista, ca","33.2000368","-117.2425355"
"yonkers, ny","40.9312099","-73.8987469"
"cincinnati, oh","39.1031182","-84.5120196"
"hagerstown, md","39.6417629","-77.7199932"
"sanford, fl","28.8028612","-81.269453"
"union city, nj","40.6975898","-74.2631635"
"toledo, oh","41.6639383","-83.555212"
"sierra vista, az","31.5455001","-110.2772856"
"newport news, va","37.0870821","-76.4730122"
"hammond, in","41.5833688","-87.5000412"
"buffalo grove, il","42.1662831","-87.9631308"
"sugar land, tx","29.6196787","-95.6349463"
"huntsville, al","34.7303688","-86.5861037"
"lodi, ca","38.1341477","-121.2722194"
"edmonds, wa","47.8106521","-122.3773552"
"duncanville, tx","32.6518004","-96.9083366"
"rocky mount, nc","35.9382103","-77.7905339"
"pontiac, mi","42.6389216","-83.2910468"
"national city, ca","32.6781085","-117.0991967"
"hayward, ca","37.6688205","-122.0807964"
"niagara falls, ny","43.0962143","-79.0377388"
"sparks, nv","39.5349112","-119.7526886"
"hanford, ca","36.3274502","-119.6456844"
"cypress, ca","33.8169599","-118.0372852"
"decatur, il","39.8403147","-88.9548001"
"woonsocket, ri","42.0028761","-71.5147839"
"mobile, al","30.6953657","-88.0398912"
"vallejo, ca","38.1040864","-122.2566367"
"arcadia, ca","34.1397292","-118.0353449"
"collierville, tn","35.042036","-89.6645266"
"jefferson city, mo","38.5767017","-92.1735164"
"longview, tx","32.5007037","-94.7404891"
"chandler, az","33.3061605","-111.8412502"
"arvada, co","39.8027644","-105.0874842"
"alhambra, ca","34.095287","-118.1270146"
"kokomo, in","40.486427","-86.1336033"
"oakland park, fl","26.1723065","-80.1319893"
"indianapolis, in","39.768403","-86.158068"
"boynton beach, fl","26.5317866","-80.0905465"
"apache junction, az","33.4150485","-111.5495777"
"mount prospect, il","42.0664167","-87.9372908"
"cranston, ri","41.7798226","-71.4372796"
"lafayette, in","40.4167022","-86.8752869"
"olathe, ks","38.8813958","-94.8191285"
"johns creek, ga","34.0289259","-84.198579"
"greensboro, nc","36.0726354","-79.7919754"
"kalamazoo, mi","42.2917069","-85.5872286"
"tigard, or","45.4312294","-122.7714861"
"jacksonville, nc","34.7540524","-77.4302414"
"citrus heights, ca","38.7071247","-121.2810611"
"tuscaloosa, al","33.2098407","-87.5691735"
"ankeny, ia","41.7317884","-93.6001278"
"hawthorne, ca","33.9164032","-118.3525748"
"hoover, al","33.4053867","-86.8113781"
"youngstown, oh","41.0997803","-80.6495194"
"madison, al","34.6992579","-86.7483318"
"redlands, ca","34.0555693","-117.1825381"
"cape girardeau, mo","37.3058839","-89.5181476"
"nampa, id","43.5407172","-116.5634624"
"washington, na","38.9071923","-77.0368707"
"wheaton, il","41.8661403","-88.1070127"
"lancaster, tx","32.5920798","-96.7561082"
"rialto, ca","34.1064001","-117.3703235"
"fargo, nd","46.8771863","-96.7898034"
"peoria, il","40.6936488","-89.5889864"
"omaha, ne","41.2523634","-95.9979883"
"rancho santa margarita, ca","33.640855","-117.603104"
"manhattan, ks","39.1836082","-96.5716694"
"palm springs, ca","33.8302961","-116.5452921"
"san diego, ca","32.715738","-117.1610838"
"santa rosa, ca","38.440429","-122.7140548"
"lowell, ma","42.6334247","-71.3161718"
"broken arrow, ok","36.060949","-95.7974526"
"kent, wa","47.3809335","-122.2348431"
"nashville, tn","36.1626638","-86.7816016"
"hackensack, nj","40.8859325","-74.0434736"
"broomfield, co","39.9205411","-105.0866504"
"durham, nc","35.9940329","-78.898619"
"wichita, ks","37.688889","-97.336111"
"cathedral city, ca","33.7805388","-116.4668036"
"lakeville, mn","44.6496868","-93.24272"
"elmhurst, il","41.8994744","-87.9403418"
"weslaco, tx","26.1595194","-97.9908366"
"greenfield, wi","42.9614039","-88.0125865"
"sunnyvale, ca","37.36883","-122.0363496"
"santa cruz, ca","36.9741171","-122.0307963"
"kenosha, wi","42.5847425","-87.8211854"
"state college, pa","40.7933949","-77.8600012"
"mansfield, oh","40.75839","-82.5154471"
"quincy, il","39.9356016","-91.4098726"
"pompano beach, fl","26.2378597","-80.1247667"
"san angelo, tx","31.4637723","-100.4370375"
"bloomington, il","40.4842027","-88.9936873"
"tracy, ca","37.7396513","-121.4252227"
"spartanburg, sc","34.9495672","-81.9320482"
"nashua, nh","42.7653662","-71.467566"
"macon, ga","32.8406946","-83.6324022"
"hempstead, ny","40.7062128","-73.6187397"
"camden, nj","39.9259463","-75.1196199"
"palm desert, ca","33.7222445","-116.3744556"
"streamwood, il","42.0255827","-88.1784085"
"chesapeake, va","36.7682088","-76.2874927"
"dublin, oh","40.0992294","-83.1140771"
"camarillo, ca","34.2163937","-119.0376023"
"muskegon, mi","43.2341813","-86.2483921"
"elizabeth, nj","40.6639916","-74.2107006"
"anchorage, ak","61.2180556","-149.9002778"
"minot, nd","48.2329668","-101.2922906"
"davie, fl","26.0764783","-80.2521157"
"mcallen, tx","26.2034071","-98.2300124"
"mckinney, tx","33.1972465","-96.6397822"
"killeen, tx","31.1171194","-97.7277959"
"findlay, oh","41.04422","-83.6499321"
"oakland, ca","37.8043637","-122.2711137"
"mountain view, ca","37.3860517","-122.0838511"
"lake elsinore, ca","33.6680772","-117.3272615"
"amarillo, tx","35.2219971","-101.8312969"
"provo, ut","40.2338438","-111.6585337"
"atlanta, ga","33.7489954","-84.3879824"
"monterey park, ca","34.0625106","-118.1228476"
"strongsville, oh","41.3144966","-81.83569"
"madera, ca","36.9613356","-120.0607176"
"rancho palos verdes, ca","33.7444613","-118.3870173"
"burnsville, mn","44.7677424","-93.2777226"
"rowlett, tx","32.9029017","-96.56388"
"roswell, nm","33.3942655","-104.5230242"
"montgomery, al","32.3668052","-86.2999689"
"logan, ut","41.7369803","-111.8338359"
"woburn, ma","42.4792618","-71.1522765"
"allentown, pa","40.6084305","-75.4901833"
"mount pleasant, sc","32.8323225","-79.8284258"
"columbus, ga","32.4609764","-84.9877094"
"buffalo, ny","42.8864468","-78.8783689"
"new berlin, wi","42.9764027","-88.1084224"
"north richland hills, tx","32.8342952","-97.2289029"
"lima, oh","40.742551","-84.1052256"
"sacramento, ca","38.5815719","-121.4943996"
"fort smith, ar","35.3859242","-94.3985475"
"east providence, ri","41.8137116","-71.3700545"
"urbandale, ia","41.6266555","-93.7121656"
"mount vernon, ny","40.9125992","-73.8370786"
"lakewood, co","39.7047095","-105.0813734"
"henderson, nv","36.0395247","-114.9817213"
"covina, ca","34.0900091","-117.8903397"
"stamford, ct","41.0534302","-73.5387341"
"bloomington, in","39.165325","-86.5263857"
"kingsport, tn","36.548434","-82.5618186"
"spokane, wa","47.6587802","-117.4260466"
"kennewick, wa","46.2112458","-119.1372338"
"philadelphia, pa","39.9525839","-75.1652215"
"bellingham, wa","48.74908","-122.4781473"
"visalia, ca","36.3302284","-119.2920585"
"la crosse, wi","43.8013556","-91.2395807"
"council bluffs, ia","41.2619444","-95.8608333"
"north lauderdale, fl","26.217305","-80.2258811"
"dallas, tx","32.7766642","-96.7969879"
"antioch, ca","38.0049214","-121.805789"
"sterling heights, mi","42.5803122","-83.0302033"
"deerfield beach, fl","26.3184123","-80.0997657"
"fishers, in","39.9567548","-86.01335"
"cheyenne, wy","41.1399814","-104.8202462"
"murrieta, ca","33.5539143","-117.2139232"
"lenexa, ks","38.9536174","-94.7335709"
"newport beach, ca","33.6189101","-117.9289469"
"riverton, ut","40.521893","-111.9391023"
"yakima, wa","46.6020711","-120.5058987"
"dayton, oh","39.7589478","-84.1916069"
"gulfport, ms","30.3674198","-89.0928155"
"long beach, ca","33.7700504","-118.1937395"
"chico, ca","39.7284944","-121.8374777"
"hattiesburg, ms","31.3271189","-89.2903392"
"eugene, or","44.0520691","-123.0867536"
"colton, ca","34.0739016","-117.3136547"
"montebello, ca","34.0165053","-118.1137535"
"pleasanton, ca","37.6624312","-121.8746789"
"everett, wa","47.9789848","-122.2020794"
"hutchinson, ks","38.0608445","-97.9297743"
"fairfield, ca","38.2493581","-122.0399663"
"avondale, az","33.4355977","-112.3496021"
"euclid, oh","41.5931049","-81.5267873"
"battle creek, mi","42.3211522","-85.1797142"
"bloomington, mn","44.840798","-93.2982799"
"rock island, il","41.5094771","-90.5787476"
"beaverton, or","45.487062","-122.8037102"
"kenner, la","29.9940924","-90.2417434"
"clovis, nm","34.4047987","-103.2052272"
"troy, ny","42.7284117","-73.6917851"
"milpitas, ca","37.4323341","-121.8995741"
"des plaines, il","42.0333623","-87.8833991"
"placentia, ca","33.8722371","-117.8703363"
"taunton, ma","41.900101","-71.0897674"
"montclair, ca","34.0775104","-117.6897776"
"johnson city, tn","36.3134397","-82.3534727"
"savannah, ga","32.0835407","-81.0998342"
"warren, oh","41.2375569","-80.8184166"
"vancouver, wa","45.6387281","-122.6614861"
"sunrise, fl","26.1669711","-80.256595"
"muncie, in","40.1933767","-85.3863599"
"lehi, ut","40.3916172","-111.8507662"
"san francisco, ca","37.7749295","-122.4194155"
"fontana, ca","34.0922335","-117.435048"
"frisco, tx","33.1506744","-96.8236116"
"chino hills, ca","33.9898188","-117.7325848"
"poway, ca","32.9628232","-117.0358646"
"huber heights, oh","39.843947","-84.1246608"
"new brunswick, nj","40.4862157","-74.4518188"
"norfolk, va","36.8507689","-76.2858726"
"hillsboro, or","45.5228939","-122.989827"
"san jacinto, ca","33.7839084","-116.958635"
"pensacola, fl","30.421309","-87.2169149"
"hamilton, oh","39.3995008","-84.5613355"
"florence, sc","34.1954331","-79.7625625"
"san bernardino, ca","34.1083449","-117.2897652"
"peachtree corners, ga","33.9698929","-84.2214551"
"victorville, ca","34.5362184","-117.2927641"
"gary, in","41.5933696","-87.3464271"
"casa grande, az","32.8795022","-111.7573521"
"morgan hill, ca","37.1305012","-121.6543901"
"dubuque, ia","42.5005583","-90.6645718"
"syracuse, ny","43.0481221","-76.1474244"
"clarksville, tn","36.5297706","-87.3594528"
"lakeland, fl","28.0394654","-81.9498042"
"valley stream, ny","40.6642699","-73.7084645"
"dover, de","39.158168","-75.5243682"
"moorhead, mn","46.8737648","-96.7678039"
"culver city, ca","34.0211224","-118.3964665"
"palatine, il","42.1103041","-88.03424"
"seattle, wa","47.6062095","-122.3320708"
"covington, ky","39.0836712","-84.5085536"
"elk grove, ca","38.4087993","-121.3716178"
"shreveport, la","32.5251516","-93.7501789"
"ogden, ut","41.223","-111.9738304"
"harrisonburg, va","38.4495688","-78.8689155"
"inglewood, ca","33.9616801","-118.3531311"
"pasadena, ca","34.1477849","-118.1445155"
"lawrence, ma","42.7070354","-71.1631137"
"lake oswego, or","45.4206749","-122.6706498"
"petaluma, ca","38.232417","-122.6366524"
"springfield, oh","39.9242266","-83.8088171"
"folsom, ca","38.6779591","-121.1760583"
"prescott valley, az","34.6100243","-112.315721"
"las cruces, nm","32.3199396","-106.7636538"
"bozeman, mt","45.6769979","-111.0429339"
"schaumburg, il","42.0333607","-88.0834059"
"warren, mi","42.5144566","-83.0146526"
"st. peters, mo","38.7874699","-90.6298922"
"ames, ia","42.034722","-93.62"
"surprise, az","33.6292337","-112.3679279"
"richardson, tx","32.9483335","-96.7298519"
"midland, mi","43.6155825","-84.2472116"
"san marcos, tx","29.8832749","-97.9413941"
"wilkes-barre, pa","41.2459149","-75.8813075"
"appleton, wi","44.2619309","-88.4153847"
"shawnee, ks","39.0228485","-94.7151865"
"mentor, oh","41.6661573","-81.339552"
"livermore, ca","37.6818745","-121.7680088"
"charlotte, nc","35.2270869","-80.8431267"
"owensboro, ky","37.7719074","-87.1111676"
"jupiter, fl","26.9342246","-80.0942087"
"rohnert park, ca","38.3396367","-122.7010984"
"chicago, il","41.8781136","-87.6297982"
"billings, mt","45.7832856","-108.5006904"
"wauwatosa, wi","43.0494572","-88.0075875"
"lombard, il","41.8800296","-88.0078435"
"new haven, ct","41.308274","-72.9278835"
"york, pa","39.9625984","-76.727745"
"knoxville, tn","35.9606384","-83.9207392"
"elyria, oh","41.3683798","-82.1076486"
"barnstable town, ma","41.7003208","-70.3002024"
"murray, ut","40.6668916","-111.8879909"
"alameda, ca","37.7652065","-122.2416355"
"manteca, ca","37.7974273","-121.2160526"
"maplewood, mn","44.9530215","-92.9952153"
"medford, or","42.3265152","-122.8755949"
"murfreesboro, tn","35.8456213","-86.39027"
"yuba city, ca","39.1404477","-121.6169108"
"shelton, ct","41.3164856","-73.0931641"
"cedar falls, ia","42.5348993","-92.4453161"
"germantown, tn","35.0867577","-89.8100858"
"scranton, pa","41.408969","-75.6624122"
"auburn, al","32.6098566","-85.4807825"
"manassas, va","38.7509488","-77.4752667"
"vacaville, ca","38.3565773","-121.9877444"
"santa monica, ca","34.0194543","-118.4911912"
"suffolk, va","36.7282054","-76.5835621"
"rochester hills, mi","42.6583661","-83.1499322"
"la quinta, ca","33.6633573","-116.3100095"
"charleston, wv","38.3498195","-81.6326234"
"delano, ca","35.7688425","-119.2470536"
"st. cloud, fl","28.2489016","-81.2811801"
"charleston, sc","32.7764749","-79.9310512"
"kannapolis, nc","35.4873613","-80.6217341"
"corona, ca","33.8752935","-117.5664384"
"rocklin, ca","38.7907339","-121.2357828"
"lee's summit, mo","38.9108408","-94.3821724"
"palm coast, fl","29.5844524","-81.2078699"
"sandy, ut","40.5649781","-111.8389726"
"bentonville, ar","36.3728538","-94.2088172"
"santa clarita, ca","34.3916641","-118.542586"
"altamonte springs, fl","28.6611089","-81.3656242"
"new braunfels, tx","29.7030024","-98.1244531"
"memphis, tn","35.1495343","-90.0489801"
"irving, tx","32.8140177","-96.9488945"
"alexandria, va","38.8048355","-77.0469214"
"hesperia, ca","34.4263886","-117.3008784"
"holyoke, ma","42.2042586","-72.6162009"
"dunwoody, ga","33.9462125","-84.3346473"
"skokie, il","42.0324025","-87.7416246"
"kearny, nj","40.7684342","-74.1454214"
"bethlehem, pa","40.6259316","-75.3704579"
"napa, ca","38.2975381","-122.286865"
"aurora, co","39.7294319","-104.8319195"
"duluth, mn","46.7866719","-92.1004852"
"roanoke, va","37.2709704","-79.9414266"
"bend, or","44.0581728","-121.3153096"
"apple valley, ca","34.5008311","-117.1858759"
"waltham, ma","42.3764852","-71.2356113"
"fort myers, fl","26.640628","-81.8723084"
"tampa, fl","27.950575","-82.4571776"
"upland, ca","34.09751","-117.6483876"
"danville, va","36.5859718","-79.3950228"
"beloit, wi","42.5083482","-89.0317765"
"plantation, fl","26.1275862","-80.2331036"
"colorado springs, co","38.8338816","-104.8213634"
"modesto, ca","37.6390972","-120.9968782"
"grand rapids, mi","42.9633599","-85.6680863"
"oak park, il","41.8850317","-87.7845025"
"sarasota, fl","27.3364347","-82.5306527"
"jurupa valley, ca","33.9971974","-117.4854802"
"bellflower, ca","33.8816818","-118.1170117"
"boulder, co","40.0149856","-105.2705456"
"santa fe, nm","35.6869752","-105.937799"
"coachella, ca","33.6803003","-116.173894"
"marlborough, ma","42.3459271","-71.5522874"
"riverside, ca","33.9533487","-117.3961564"
"palmdale, ca","34.5794343","-118.1164613"
"novato, ca","38.1074198","-122.5697032"
"layton, ut","41.0602216","-111.9710529"
"bolingbrook, il","41.6986416","-88.0683955"
"mission viejo, ca","33.6000232","-117.6719953"
"glenview, il","42.0697509","-87.7878408"
"lincoln, ca","38.891565","-121.2930079"
"goose creek, sc","32.9810059","-80.0325867"
"little rock, ar","34.7464809","-92.2895948"
"santa ana, ca","33.7455731","-117.8678338"
"white plains, ny","41.0339862","-73.7629097"
"idaho falls, id","43.4916514","-112.0339645"
"bellevue, wa","47.610377","-122.2006786"
"roseville, ca","38.7521235","-121.2880059"
"perth amboy, nj","40.5067723","-74.2654234"
"peabody, ma","42.5278731","-70.9286609"
"grand island, ne","40.9263957","-98.3420118"
"columbia, mo","38.9517053","-92.3340724"
"racine, wi","42.7261309","-87.7828523"
"carmel, in","39.978371","-86.1180435"
"portage, mi","42.2011538","-85.5800022"
"middletown, oh","39.5150576","-84.3982763"
"woodland, ca","38.6785157","-121.7732971"
"revere, ma","42.4084302","-71.0119948"
"euless, tx","32.8370727","-97.0819541"
"arlington heights, il","42.0883603","-87.9806265"
"hemet, ca","33.7475203","-116.9719684"
"high point, nc","35.9556923","-80.0053176"
"newark, oh","40.0581205","-82.4012642"
"midwest city, ok","35.4495065","-97.3967019"
"san marcos, ca","33.1433723","-117.1661449"
"port orange, fl","29.1383165","-80.9956105"
"lakewood, ca","33.8536269","-118.1339563"
"westerville, oh","40.1261743","-82.9290696"
"rockford, il","42.2711311","-89.0939952"
"el cajon, ca","32.7947731","-116.9625269"
"st. petersburg, fl","27.773056","-82.64"
"downers grove, il","41.8089191","-88.0111746"
"milford, ct","41.2306979","-73.064036"
"albany, or","44.6365107","-123.1059282"
"las vegas, nv","36.1699412","-115.1398296"
"pasadena, tx","29.6910625","-95.2091006"
"port st. lucie, fl","27.2730492","-80.3582261"
"cedar rapids, ia","41.9778795","-91.6656232"
"ormond beach, fl","29.2858129","-81.0558894"
"quincy, ma","42.2528772","-71.0022705"
"miramar, fl","25.9860762","-80.3035602"
"el paso, tx","31.7775757","-106.4424559"
"topeka, ks","39.0558235","-95.6890185"
"rosemead, ca","34.0805651","-118.072846"
"keizer, or","44.9901194","-123.0262077"
"minnetonka, mn","44.9211836","-93.4687489"
"akron, oh","41.0814447","-81.5190053"
"edinburg, tx","26.3017374","-98.1633432"
"rancho cucamonga, ca","34.1063989","-117.5931084"
"north charleston, sc","32.8546197","-79.9748103"
"louisville, ky","38.2526647","-85.7584557"
"watsonville, ca","36.910231","-121.7568946"
"coconut creek, fl","26.2517482","-80.1789351"
"bradenton, fl","27.4989278","-82.5748194"
"carlsbad, ca","33.1580933","-117.3505939"
"texas city, tx","29.383845","-94.9027002"
"redding, ca","40.5865396","-122.3916754"
"wyoming, mi","42.9133602","-85.7053085"
"lorain, oh","41.452819","-82.1823746"
"roy, ut","41.1616108","-112.0263313"
"fort lauderdale, fl","26.1224386","-80.1373174"
"warner robins, ga","32.6130007","-83.624201"
"clearwater, fl","27.9658533","-82.8001026"
"cutler bay, fl","25.5808323","-80.3468593"
"florence, al","34.79981","-87.677251"
"terre haute, in","39.4667034","-87.4139092"
"temple, tx","31.0982344","-97.342782"
"beavercreek, oh","39.7092262","-84.0632685"
"sioux falls, sd","43.5445959","-96.7311034"
"columbus, in","39.2014404","-85.9213796"
"margate, fl","26.2445263","-80.206436"
"leominster, ma","42.5250906","-71.759794"
"warwick, ri","41.7001009","-71.4161671"
"bakersfield, ca","35.3732921","-119.0187125"
"miami, fl","25.7616798","-80.1917902"
"lake charles, la","30.2265949","-93.2173758"
"richland, wa","46.2856907","-119.2844621"
"hickory, nc","35.7344538","-81.3444573"
"delray beach, fl","26.4614625","-80.0728201"
"wellington, fl","26.6617635","-80.2683571"
"bullhead city, az","35.1359386","-114.5285981"
"weston, fl","26.1003654","-80.3997748"
"troy, mi","42.6064095","-83.1497751"
"new rochelle, ny","40.9114882","-73.7823549"
"stockton, ca","37.9577016","-121.2907796"
"royal oak, mi","42.4894801","-83.1446485"
"titusville, fl","28.6122187","-80.8075537"
"laguna niguel, ca","33.5225261","-117.7075526"
"spokane valley, wa","47.6732281","-117.2393748"
"costa mesa, ca","33.6411316","-117.9186689"
"grand prairie, tx","32.7459645","-96.9977846"
"portsmouth, va","36.8354258","-76.2982742"
"lacey, wa","47.0342629","-122.8231915"
"apex, nc","35.732652","-78.8502856"
"sioux city, ia","42.4999942","-96.4003069"
"encinitas, ca","33.0369867","-117.2919818"
"spanish fork, ut","40.114955","-111.654923"
"huntington park, ca","33.9816812","-118.2250725"
"eden prairie, mn","44.8546856","-93.470786"
"peoria, az","33.5805955","-112.2373779"
"tempe, az","33.4255104","-111.9400054"
"wilmington, de","39.7390721","-75.5397878"
"taylorsville, ut","40.6677248","-111.9388258"
"westland, mi","42.324204","-83.400211"
"mesquite, tx","32.7667955","-96.5991593"
"burlington, nc","36.0956918","-79.4377991"
"garland, tx","32.912624","-96.6388833"
"richmond, ca","37.9357576","-122.3477486"
"bismarck, nd","46.8083268","-100.7837392"
"carson city, nv","39.1637984","-119.7674034"
"muskogee, ok","35.7478769","-95.3696909"
"augusta-richmond county, ga","33.4734978","-82.0105148"
"fayetteville, nc","35.0526641","-78.8783585"
"albany, ga","31.5785074","-84.155741"
"sayreville, nj","40.4594021","-74.360846"
"newark, ca","37.5296593","-122.0402399"
"diamond bar, ca","34.0286226","-117.8103367"
"decatur, al","34.6059253","-86.9833417"
"chattanooga, tn","35.0456297","-85.3096801"
"jeffersonville, in","38.2775702","-85.7371847"
"bartlett, il","41.9950276","-88.1856301"
"baldwin park, ca","34.0852868","-117.9608978"
"miami beach, fl","25.790654","-80.1300455"
"jackson, tn","35.6145169","-88.8139469"
"port arthur, tx","29.8849504","-93.939947"
"san luis obispo, ca","35.2827524","-120.6596156"
"burleson, tx","32.5420821","-97.3208492"
"st. joseph, mo","39.7674578","-94.846681"
"redondo beach, ca","33.8491816","-118.3884078"
"houston, tx","29.7604267","-95.3698028"
"temecula, ca","33.4936391","-117.1483648"
"ann arbor, mi","42.2808256","-83.7430378"
"beaumont, tx","30.080174","-94.1265562"
"east lansing, mi","42.7369792","-84.4838654"
"santee, ca","32.8383828","-116.9739167"
"tamarac, fl","26.2128609","-80.2497707"
"bellevue, ne","41.1543623","-95.9145568"
"pembroke pines, fl","26.007765","-80.2962555"
"springdale, ar","36.1867442","-94.1288141"
"oxnard, ca","34.1975048","-119.1770516"
"odessa, tx","31.8456816","-102.3676431"
"stillwater, ok","36.1156071","-97.0583681"
"brockton, ma","42.0834335","-71.0183787"
"bayonne, nj","40.6687141","-74.1143091"
"paramount, ca","33.8894598","-118.1597911"
"moline, il","41.5067003","-90.5151342"
"meridian, ms","32.3643098","-88.703656"
"cleveland, tn","35.1595182","-84.8766115"
"jersey city, nj","40.7281575","-74.0776417"
"st. paul, mn","44.9537029","-93.0899578"
"deltona, fl","28.9005446","-81.2636738"
"freeport, ny","40.6576022","-73.5831835"
"iowa city, ia","41.6611277","-91.5301683"
"anaheim, ca","33.8352932","-117.9145036"
"apple valley, mn","44.7319094","-93.21772"
"great falls, mt","47.4941836","-111.2833449"
"west valley city, ut","40.6916132","-112.0010501"
"hampton, va","37.0298687","-76.3452218"
"georgetown, tx","30.6332618","-97.6779842"
"orem, ut","40.2968979","-111.6946475"
"monrovia, ca","34.1442616","-118.0019482"
"keller, tx","32.9341893","-97.229298"
"south san francisco, ca","37.654656","-122.4077498"
"plymouth, mn","45.0105194","-93.4555093"
"south bend, in","41.6763545","-86.2519898"
"edmond, ok","35.6528323","-97.4780954"
"des moines, ia","41.6005448","-93.6091064"
"bonita springs, fl","26.339806","-81.7786972"
"draper, ut","40.5246711","-111.8638226"
"whittier, ca","33.9791793","-118.032844"
"livonia, mi","42.36837","-83.3527097"
"milwaukee, wi","43.0389025","-87.9064736"
"auburn, wa","47.3073228","-122.2284532"
"sumter, sc","33.9204354","-80.3414693"
"beverly, ma","42.5584283","-70.880049"
"renton, wa","47.4828776","-122.2170661"
"centennial, co","39.5807452","-104.8771726"
"richmond, va","37.5407246","-77.4360481"
"anderson, in","40.1053196","-85.6802541"
"beaumont, ca","33.9294606","-116.977248"
"pflugerville, tx","30.4393696","-97.6200043"
"hoboken, nj","40.7439905","-74.0323626"
"lexington-fayette, ky","38.0405837","-84.5037164"
"norwalk, ca","33.9022367","-118.081733"
"yuma, az","32.6926512","-114.6276916"
"highland, ca","34.1283442","-117.2086513"
"carol stream, il","41.9125286","-88.1347927"
"joliet, il","41.525031","-88.0817251"
"rock hill, sc","34.9248667","-81.0250784"
"rancho cordova, ca","38.5890723","-121.302728"
"dearborn heights, mi","42.3369816","-83.2732627"
"honolulu, hi","21.3069444","-157.8583333"
"victoria, tx","28.8052674","-97.0035982"
"attleboro, ma","41.9445441","-71.2856082"
"wylie, tx","33.0151201","-96.5388789"
"carrollton, tx","32.9756415","-96.8899636"
"plainfield, il","41.632223","-88.2120315"
"hoffman estates, il","42.0629915","-88.1227199"
"methuen, ma","42.7262016","-71.1908924"
"north port, fl","27.044224","-82.2359254"
"rockville, md","39.0839973","-77.1527578"
"burbank, ca","34.1808392","-118.3089661"
"fullerton, ca","33.8703596","-117.9242966"
"oshkosh, wi","44.0247062","-88.5426136"
"huntsville, tx","30.7235263","-95.5507771"
"farmington hills, mi","42.4989936","-83.3677168"
"pico rivera, ca","33.9830688","-118.096735"
"cerritos, ca","33.8583483","-118.0647871"
"la puente, ca","34.0200114","-117.9495083"
"grand junction, co","39.0638705","-108.5506486"
"enid, ok","36.3955891","-97.8783911"
"san jose, ca","37.3382082","-121.8863286"
"round rock, tx","30.5082551","-97.678896"
"maple grove, mn","45.0724642","-93.4557877"
"norman, ok","35.2225668","-97.4394777"
"homestead, fl","25.4687224","-80.4775569"
"friendswood, tx","29.5293998","-95.2010447"
"irvine, ca","33.6839473","-117.7946942"
"pocatello, id","42.8713032","-112.4455344"
"pacifica, ca","37.6138253","-122.4869194"
"sheboygan, wi","43.7508284","-87.71453"
"bossier city, la","32.5159852","-93.7321228"
"cedar park, tx","30.505198","-97.8202888"
"sandy springs, ga","33.9304352","-84.3733147"
"champaign, il","40.1164204","-88.2433829"
"clifton, nj","40.8584328","-74.1637553"
"moore, ok","35.3395079","-97.4867028"
"blue springs, mo","39.0169509","-94.2816148"
"lancaster, ca","34.6867846","-118.1541632"
"bryan, tx","30.6743643","-96.3699632"
"hurst, tx","32.8234621","-97.1705678"
"cape coral, fl","26.5628537","-81.9495331"
"cupertino, ca","37.3229978","-122.0321823"
"pittsfield, ma","42.4500845","-73.2453824"
"gilroy, ca","37.0057816","-121.5682751"
"manchester, nh","42.9956397","-71.4547891"
"virginia beach, va","36.8529263","-75.977985"
"salina, ks","38.8402805","-97.6114237"
"somerville, ma","42.3875968","-71.0994968"
"largo, fl","27.9094665","-82.7873244"
"fresno, ca","36.7468422","-119.7725868"
"phenix city, al","32.4709761","-85.0007653"
"berwyn, il","41.8505874","-87.7936685"
"palm beach gardens, fl","26.8233946","-80.1386547"
"pawtucket, ri","41.878711","-71.3825558"
"san gabriel, ca","34.0961111","-118.1058333"
"winston-salem, nc","36.0998596","-80.244216"
"alpharetta, ga","34.0753762","-84.2940899"
"o'fallon, mo","38.8106075","-90.6998477"
"redwood city, ca","37.4852152","-122.2363548"
"union city, ca","37.5933918","-122.0438298"
"hallandale beach, fl","25.9812024","-80.148379"
"mankato, mn","44.1635775","-93.9993996"
"new york, ny","40.7127837","-74.0059413"
"simi valley, ca","34.2694474","-118.781482"
"west covina, ca","34.0686208","-117.9389526"
"castle rock, co","39.3722121","-104.8560902"
"valdosta, ga","30.8327022","-83.2784851"
"fort worth, tx","32.7554883","-97.3307658"
"carson, ca","33.8316745","-118.281693"
"evansville, in","37.9715592","-87.5710898"
"santa maria, ca","34.9530337","-120.4357191"
"brentwood, tn","36.0331164","-86.7827772"
"la mesa, ca","32.7678287","-117.0230839"
"westminster, co","39.8366528","-105.0372046"
"reading, pa","40.3356483","-75.9268747"
"turlock, ca","37.4946568","-120.8465941"
"greeley, co","40.4233142","-104.7091322"
"tyler, tx","32.3512601","-95.3010624"
"winter garden, fl","28.5652787","-81.5861847"
"waco, tx","31.549333","-97.1466695"
"martinez, ca","38.0193657","-122.1341321"
"thousand oaks, ca","34.1705609","-118.8375937"
"azusa, ca","34.1336186","-117.9075627"
"bridgeport, ct","41.1865478","-73.1951767"
"st. louis park, mn","44.9597376","-93.3702186"
"chesterfield, mo","38.6631083","-90.5770675"
"greenacres, fl","26.6276276","-80.1353896"
"pasco, wa","46.2395793","-119.1005657"
"torrance, ca","33.8358492","-118.3406288"
"madison, wi","43.0730517","-89.4012302"
"janesville, wi","42.6827885","-89.0187222"
"waukegan, il","42.3636331","-87.8447938"
"bowling green, ky","36.9685219","-86.4808043"
"arlington, tx","32.735687","-97.1080656"
"lewisville, tx","33.046233","-96.994174"
"farmington, nm","36.7280583","-108.2186856"
"oakley, ca","37.9974219","-121.7124536"
"palo alto, ca","37.4418834","-122.1430195"
"springfield, or","44.0462362","-123.0220289"
"new bedford, ma","41.6362152","-70.934205"
"redmond, wa","47.6739881","-122.121512"
"brentwood, ca","37.931868","-121.6957863"
"davis, ca","38.5449065","-121.7405167"
"la mirada, ca","33.9172357","-118.0120086"
"smyrna, tn","35.9828412","-86.5186045"
"altoona, pa","40.5186809","-78.3947359"
"dothan, al","31.2232313","-85.3904888"
"east orange, nj","40.767323","-74.2048677"
"tinley park, il","41.5731442","-87.7932939"
"biloxi, ms","30.3960318","-88.8853078"
"urbana, il","40.1105875","-88.2072697"
"garden grove, ca","33.7739053","-117.9414477"
"lynwood, ca","33.930293","-118.2114603"
"northglenn, co","39.8961821","-104.9811468"
"canton, oh","40.7989473","-81.378447"
"brookhaven, ga","33.8651033","-84.3365917"
"baton rouge, la","30.4582829","-91.1403196"
"bristol, ct","41.6717648","-72.9492703"
"independence, mo","39.0911161","-94.4155068"
"lansing, mi","42.732535","-84.5555347"
"orland park, il","41.6303103","-87.8539425"
"vineland, nj","39.4863773","-75.0259637"
"green bay, wi","44.519159","-88.019826"
"evanston, il","42.0450722","-87.6876969"
"ocoee, fl","28.5691677","-81.5439619"
"los angeles, ca","34.0522342","-118.2436849"
"federal way, wa","47.3223221","-122.3126222"
"west jordan, ut","40.6096698","-111.9391031"
"yucaipa, ca","34.033625","-117.0430865"
"pittsburgh, pa","40.4406248","-79.9958864"
"downey, ca","33.9401088","-118.1331593"
"cicero, il","41.8455877","-87.7539448"
"south gate, ca","33.954737","-118.2120161"
"panama city, fl","30.1588129","-85.6602058"
"joplin, mo","37.0842271","-94.513281"
"league city, tx","29.5074538","-95.0949303"
"salt lake city, ut","40.7607793","-111.8910474"
"fort pierce, fl","27.4467056","-80.3256056"
"phoenix, az","33.4483771","-112.0740373"
"corvallis, or","44.5645659","-123.2620435"
"cedar hill, tx","32.5884689","-96.9561152"
"chicopee, ma","42.1487043","-72.6078672"
"ocala, fl","29.1871986","-82.1400923"
"roswell, ga","34.0232431","-84.3615555"
"park ridge, il","42.0111412","-87.8406192"
"concord, nh","43.2081366","-71.5375718"
"olympia, wa","47.0378741","-122.9006951"
"huntington beach, ca","33.660297","-117.9992265"
"corpus christi, tx","27.8005828","-97.396381"
"haverhill, ma","42.7762015","-71.0772796"
"hanover park, il","41.9994722","-88.1450735"
"cambridge, ma","42.3736158","-71.1097335"
"glendale, az","33.5386523","-112.1859866"
"stanton, ca","33.8025155","-117.9931165"
"summerville, sc","33.0185039","-80.1756481"
"davenport, ia","41.5236437","-90.5776367"
"boca raton, fl","26.3683064","-80.1289321"
"new britain, ct","41.6612104","-72.7795419"
"roseville, mi","42.4972583","-82.9371409"
"cleveland heights, oh","41.5200518","-81.556235"
"gresham, or","45.5001357","-122.4302013"
"lauderhill, fl","26.1403635","-80.2133808"
"hendersonville, tn","36.3047735","-86.6199957"
"santa clara, ca","37.3541079","-121.9552356"
"oceanside, ca","33.1958696","-117.3794834"
"lake forest, ca","33.6469661","-117.689218"
"novi, mi","42.48059","-83.4754913"
"west new york, nj","40.7878788","-74.0143064"
"everett, ma","42.40843","-71.0536625"
"linden, nj","40.6220478","-74.2445902"
"asheville, nc","35.5950581","-82.5514869"
"compton, ca","33.8958492","-118.2200712"
"aliso viejo, ca","33.5676842","-117.7256083"
"menifee, ca","33.6971468","-117.185294"
"loveland, co","40.3977612","-105.0749801"
"carpentersville, il","42.1211364","-88.2578582"
"providence, ri","41.8239891","-71.4128343"
"hialeah, fl","25.8575963","-80.2781057"
"san ramon, ca","37.7799273","-121.9780153"
"ontario, ca","34.0633443","-117.6508876"
"kirkland, wa","47.6814875","-122.2087353"
"st. george, ut","37.0965278","-113.5684164"
"hilton head island, sc","32.216316","-80.752608"
"glendale, ca","34.1425078","-118.255075"
"meriden, ct","41.5381535","-72.8070435"
"gardena, ca","33.8883487","-118.3089624"
"westfield, ma","42.1250929","-72.749538"
"elgin, il","42.0354084","-88.2825668"
"plano, tx","33.0198431","-96.6988856"
"longmont, co","40.1672068","-105.1019275"
"coppell, tx","32.9545687","-97.0150078"
"lakewood, oh","41.4819932","-81.7981908"
"jonesboro, ar","35.8422967","-90.704279"
"college station, tx","30.627977","-96.3344068"
"dearborn, mi","42.3222599","-83.1763145"
"utica, ny","43.100903","-75.232664"
"monroe, la","32.5093109","-92.1193012"
"baltimore, md","39.2903848","-76.6121893"
"springfield, mo","37.2089572","-93.2922989"
"pine bluff, ar","34.2284312","-92.0031955"
"plainfield, nj","40.6337136","-74.4073736"
"lynn, ma","42.466763","-70.9494938"
"woodbury, mn","44.9238552","-92.9593797"
"gainesville, fl","29.6516344","-82.3248262"
"west sacramento, ca","38.5804609","-121.530234"
"sammamish, wa","47.6162683","-122.0355736"
"aventura, fl","25.9564812","-80.1392121"
"fayetteville, ar","36.0625795","-94.1574263"
"san rafael, ca","37.9735346","-122.5310874"
"conway, ar","35.0886963","-92.4421011"
"tacoma, wa","47.2528768","-122.4442906"
"middletown, ct","41.5623209","-72.6506488"
"burlington, vt","44.4758825","-73.212072"
"twin falls, id","42.5629668","-114.4608711"
"sherman, tx","33.6356618","-96.6088805"
"lynchburg, va","37.4137536","-79.1422464"
"bowie, md","39.0067768","-76.7791365"
"danbury, ct","41.394817","-73.4540111"
"charlottesville, va","38.0293059","-78.4766781"
"coral gables, fl","25.72149","-80.2683838"
"coeur d'alene, id","47.6776832","-116.7804664"
"el monte, ca","34.0686206","-118.0275667"
"crystal lake, il","42.2411344","-88.3161965"
"danville, ca","37.8215929","-121.9999606"
"goodyear, az","33.4353394","-112.3576567"
"paterson, nj","40.9167654","-74.171811"
"salem, or","44.9428975","-123.0350963"
"kissimmee, fl","28.2919557","-81.407571"
"saginaw, mi","43.4194699","-83.9508068"
"brownsville, tx","25.9017472","-97.4974838"
"flower mound, tx","33.0145673","-97.0969552"
"grapevine, tx","32.9342919","-97.0780654"
"edina, mn","44.8896866","-93.3499489"
"detroit, mi","42.331427","-83.0457538"
"fairfield, oh","39.3454673","-84.5603187"
"mansfield, tx","32.5631924","-97.1416768"
"rochester, ny","43.16103","-77.6109219"
"birmingham, al","33.5206608","-86.80249"
"austin, tx","30.267153","-97.7430608"
"santa barbara, ca","34.4208305","-119.6981901"
"addison, il","41.931696","-87.9889556"
"rio rancho, nm","35.2327544","-106.6630437"
"normal, il","40.5142026","-88.9906312"
"romeoville, il","41.6475306","-88.0895061"
